folder,file,source_ckpt,val_loss,epoch,size_MB,d_model,nhead,num_layers,input_size,num_continuous,seq_len,pred_len
OPR1000/dt05min_seq03,model.ckpt,epoch=11-val_loss=0.00013527-step=717780.ckpt,0.00013527,11,2.6,64,4,8,20,10,3,1
OPR1000/dt15min_seq03,model.ckpt,epoch=10-val_loss=0.00024824-step=218306.ckpt,0.00024824,10,2.6,64,4,8,20,10,3,1
OPR1000/dt30min_seq03,model.ckpt,epoch=11-val_loss=0.00043717-step=118236.ckpt,0.00043717,11,2.6,64,4,8,20,10,3,1
OPR1000/dt60min_seq03,model.ckpt,epoch=11-val_loss=0.00079517-step=58284.ckpt,0.00079517,11,2.6,64,4,8,20,10,3,1
OPR1000/dt05min_seq10,model.ckpt,epoch=9-val_loss=0.00011397-step=593280.ckpt,0.00011397,9,2.6,64,4,8,20,10,10,1
OPR1000/dt15min_seq10,model.ckpt,epoch=11-val_loss=0.00021234-step=232308.ckpt,0.00021234,11,2.6,64,4,8,20,10,10,1
OPR1000/dt30min_seq10,model.ckpt,epoch=13-val_loss=0.00044667-step=131124.ckpt,0.00044667,13,2.6,64,4,8,20,10,10,1
OPR1000/dt60min_seq10,model.ckpt,epoch=11-val_loss=0.00089740-step=52440.ckpt,0.0008974,11,2.6,64,4,8,20,10,10,1
OPR1000/dt05min_seq30,model.ckpt,epoch=14-val_loss=0.00010250-step=869040.ckpt,0.0001025,14,2.6,64,4,8,20,10,30,1
OPR1000/dt15min_seq30,model.ckpt,epoch=10-val_loss=0.00021698-step=197626.ckpt,0.00021698,10,2.6,64,4,8,20,10,30,1
OPR1000/dt30min_seq30,model.ckpt,epoch=10-val_loss=0.00047499-step=87714.ckpt,0.00047499,10,2.6,64,4,8,20,10,30,1
OPR1000/dt60min_seq30,model.ckpt,epoch=6-val_loss=0.00091053-step=20846.ckpt,0.00091053,6,2.6,64,4,8,20,10,30,1
OPR1000/dt15min_seq10_multiseed/seed42,model.ckpt,epoch=13-val_loss=0.00021292-step=271012.ckpt,0.00021292,13,2.6,64,4,8,20,10,10,1
OPR1000/dt15min_seq10_multiseed/seed0,model.ckpt,epoch=9-val_loss=0.00022117-step=193580.ckpt,0.00022117,9,2.6,64,4,8,20,10,10,1
OPR1000/dt15min_seq10_multiseed/seed1,model.ckpt,epoch=19-val_loss=0.00021523-step=387160.ckpt,0.00021523,19,2.6,64,4,8,20,10,10,1
OPR1000/dt15min_seq10_multiseed/seed2,model.ckpt,epoch=13-val_loss=0.00021189-step=271012.ckpt,0.00021189,13,2.6,64,4,8,20,10,10,1
APR1400/TLOFW_CSP/dt05min_seq50,model.ckpt,epoch=10-val_loss=0.00000837-step=217019.ckpt,8.37e-06,10,4.1,128,8,4,15,10,50,1
APR1400/TLOFW_ECSBS/dt05min_seq50,model.ckpt,epoch=7-val_loss=0.00001033-step=157896.ckpt,1.033e-05,7,4.1,128,8,4,15,10,50,1
APR1400/LLOCA_CSP/dt05min_seq50,model.ckpt,epoch=11-val_loss=0.00001009-step=236844.ckpt,1.009e-05,11,10.2,128,8,10,14,10,50,1
APR1400/LLOCA_ECSBS/dt05min_seq50,model.ckpt,epoch=7-val_loss=0.00001206-step=157896.ckpt,1.206e-05,7,10.2,128,8,10,14,10,50,1
APR1400/SBO/dt05min_seq50,model.ckpt,epoch=0-val_loss=0.00002884-step=19368.ckpt,2.884e-05,0,8.1,128,4,8,14,10,50,1
OPR1000_SS/dt60min_seq03,model.ckpt,ss_best.pt,0.00084927,24,0.8,64,4,8,20,10,3,1
OPR1000_SS/dt60min_seq10,model.ckpt,ss_best.pt,0.00085587,21,0.8,64,4,8,20,10,10,1
OPR1000_SS/dt60min_seq30,model.ckpt,ss_best.pt,0.00092718,21,0.8,64,4,8,20,10,30,1
OPR1000_SS/dt30min_seq03,model.ckpt,ss_best.pt,0.00042277,23,0.8,64,4,8,20,10,3,1
OPR1000_SS/dt30min_seq10,model.ckpt,ss_best.pt,0.00042139,24,0.8,64,4,8,20,10,10,1
OPR1000_SS/dt30min_seq30,model.ckpt,ss_best.pt,0.00040622,23,0.8,64,4,8,20,10,30,1
OPR1000_SS/dt15min_seq03,model.ckpt,ss_best.pt,0.00022423,24,0.8,64,4,8,20,10,3,1
OPR1000_SS/dt15min_seq10,model.ckpt,ss_best.pt,0.000197,24,0.8,64,4,8,20,10,10,1
OPR1000_SS/dt15min_seq30,model.ckpt,ss_best.pt,0.00020562,24,0.8,64,4,8,20,10,30,1
OPR1000_SS/dt05min_seq03,model.ckpt,ss_best.pt,0.00011807,24,0.8,64,4,8,20,10,3,1
OPR1000_SS/dt05min_seq10,model.ckpt,ss_best.pt,0.000099,24,0.8,64,4,8,20,10,10,1
OPR1000_SS/dt05min_seq30,model.ckpt,ss_best.pt,0.00009437,24,0.8,64,4,8,20,10,30,1
